feature,min,max,n_at_min,n_at_max,pct_at_min,pct_at_max,min_max_pct
f0,12.616364906986496,26.74525510669564,3705545,5,0.2650681793860651,3.5766422939954187e-07,0.2650685370502945
f1,10.059654474774549,16.34418683323554,13807642,1,0.9876999271509498,7.153284587990836e-08,0.9876999986837957
f2,8.214382844395335,9.051961945804948,7303429,2,0.5224350610518533,1.4306569175981673e-07,0.5224352041175451
f3,-8.39838674285089,4.679881620097284,1,11443995,7.153284587990836e-08,0.818621530585442,0.8186216021182878
f4,10.280525225748212,21.12350773431505,13372695,1,0.9565869304340212,7.153284587990836e-08,0.9565870019668671
f5,-9.011891520498516,4.115453421277861,1,13238149,7.153284587990836e-08,0.9469624721522631,0.946962543685109
f6,-31.429783775633886,0.294442711255606,1,3705545,7.153284587990836e-08,0.2650681793860651,0.26506825091891095
f7,4.833814577796811,11.998400591725757,13238149,1,0.9469624721522631,7.153284587990836e-08,0.946962543685109
f8,3.63510661177053,3.971857989350875,3,7303429,2.1459853763972512e-07,0.5224350610518533,0.5224352756503909
f9,13.190055934673358,75.29501735734412,11113335,1,0.7949684797667915,7.153284587990836e-08,0.7949685512996374
f10,5.300374864042156,6.473917229316857,13372695,1,0.9565869304340212,7.153284587990836e-08,0.9565870019668671
f11,-1.383940669255639,-0.1686792210005612,1,13777206,7.153284587990836e-08,0.9855227534537488,0.9855228249865947
