feature,mean_treated,mean_control,diff,pooled_sd,SMD,abs_SMD,corr_treatment,abs_corr
f0,19.614755,19.651705,-0.03695,5.381841,-0.006866,0.006866,-0.002452,0.002452
f1,10.070337,10.067935,0.002401,0.100076,0.023994,0.023994,0.008568,0.008568
f2,8.446302,8.448173,-0.001872,0.299876,-0.006241,0.006241,-0.002228,0.002228
f3,4.169412,4.232821,-0.063409,1.298404,-0.048836,0.048836,-0.017438,0.017438
f4,10.339245,10.336526,0.00272,0.34141,0.007966,0.007966,0.002844,0.002844
f5,4.026602,4.039339,-0.012736,0.416808,-0.030557,0.030557,-0.010911,0.010911
f6,-4.182792,-3.99988,-0.182913,4.52216,-0.040448,0.040448,-0.014443,0.014443
f7,5.105555,5.080284,0.025271,1.188131,0.02127,0.02127,0.007595,0.007595
f8,3.933392,3.934652,-0.00126,0.056162,-0.022433,0.022433,-0.00801,0.00801
f9,16.052589,15.886253,0.166336,6.93037,0.024001,0.024001,0.00857,0.00857
f10,5.33366,5.331898,0.001762,0.166774,0.010563,0.010563,0.003772,0.003772
f11,-0.170985,-0.170868,-0.000117,0.022688,-0.00516,0.00516,-0.001842,0.001842
