feature,importance_mean,importance_std
f8,0.07438351026585069,0.00017908252690691524
f2,0.028992875563318504,0.00010634300845492584
f9,0.007061550017334628,3.651278457783987e-05
f6,0.0016802354752055494,7.023898539150574e-05
f0,0.001503025107538042,4.869181945545318e-05
f3,0.00024386018048956902,3.673062085520128e-06
f11,6.338664012255635e-05,3.7264011101217792e-06
f4,6.273082141511621e-05,4.310031235032985e-06
f10,4.770286154243131e-05,1.0047899910273389e-05
f7,4.1336000275468686e-05,4.167103424800413e-06
f1,8.11515116336814e-06,2.73937674312018e-06
f5,7.297549322726748e-06,3.1351794847511355e-06
