decile,n,observed_rate,rel_to_base
10,209630,0.3678242617945905,7.80900060464197
9,209630,0.06778609931784572,1.439115755923099
8,209842,0.018547287959512396,0.39376353855413654
7,210013,0.007356687443158281,0.1561843050034224
6,209404,0.00435521766537411,0.09246235475692047
5,209698,0.0022890060944787266,0.04859616896559055
4,209265,0.0011516498219960338,0.024449812289231397
3,212966,0.0006104260774020266,0.012959497517278118
2,208223,0.0005618975809588758,0.011929225462308134
1,207625,0.0005153521974714028,0.010941055388850748
