policy,budget,n_sel,effect_pp,ci_lo,ci_hi,incremental_per_1000,capture_share
Random,0.05,104815,0.971390577055211,0.6322361100297731,1.2916116812318863,9.71390577055211,4.695893022296544
Response,0.05,104815,5.289677044147856,4.388226276135981,6.169495418707682,52.89677044147856,25.571338767891206
Uplift,0.05,104815,9.063208340973706,8.24663987591236,9.880183569544721,90.63208340973705,43.813330922994204
Random,0.1,209630,0.9638403800948834,0.7465465260310579,1.1758624707076515,9.638403800948833,9.318787771683237
Response,0.1,209630,4.623072126384137,4.00919206686416,5.225144287290346,46.23072126384137,44.69767908532433
Uplift,0.1,209630,6.3989891898578986,5.8581507146671585,6.9288159530739275,63.98989189857898,61.867943536159764
Random,0.2,419259,0.9713165827517479,0.8361768456648084,1.1037149179511643,9.713165827517479,18.782096478831726
Response,0.2,419259,3.6245042377018253,3.2749619296808676,3.9694073262738745,36.24504237701826,70.086097045302
Uplift,0.2,419259,3.8090876771068842,3.4940213945904777,4.128013058198546,38.09087677106884,73.65533907088212
