policy,budget,n_sel,effect_pp,ci_lo,ci_hi,incremental_per_1000,capture_share,wald_lo,wald_hi
Random,0.05,104815,0.11681331258608639,0.039526056813072134,0.19336107720449347,1.1681331258608638,5.078849368729475,,
Response,0.05,104815,1.4967607017885614,1.2088134621907431,1.777128861960044,14.967607017885614,65.07667642603411,1.1989588832985714,1.7945625202785513
Uplift,0.05,104815,1.0997717160713973,0.8258326236993099,1.3681334537254954,10.997717160713973,47.81625280765341,0.8380603577212635,1.3614830744215312
Random,0.1,209630,0.11683996563757201,0.07032771455122858,0.1614081726880752,1.1683996563757202,10.16001639853226,,
Response,0.1,209630,0.8957215930862468,0.729272773349496,1.0569394498951656,8.957215930862468,77.88898280323751,0.7296922444929475,1.061750941679546
Uplift,0.1,209630,0.8739288564018091,0.7321305277959638,1.021871651546732,8.739288564018091,75.9939586060412,0.7244280258870466,1.0234296869165715
Random,0.2,419259,0.11895197403411037,0.08357178993569304,0.15311978437499982,1.1895197403411037,20.687289963517884,,
Response,0.2,419259,0.524812880393198,0.43899288465241637,0.6088406255379959,5.248128803931979,91.27176174621363,0.43912904808846714,0.6104967126979287
Uplift,0.2,419259,0.5257003817081527,0.44525299578618627,0.6051496501044615,5.257003817081527,91.42610972735945,0.44558967391440596,0.6058110895018995
