outcome,policy,budget,effect_pp,incremental_per_1000,rate_treated_sel,rate_control_sel
visit,Random,0.05,0.9714,9.71,,
visit,Random,0.1,0.9638,9.64,,
visit,Random,0.2,0.9713,9.71,,
visit,Response,0.05,5.2897,52.9,,
visit,Response,0.1,4.6231,46.23,,
visit,Response,0.2,3.6245,36.25,,
visit,Uplift,0.05,9.0632,90.63,,
visit,Uplift,0.1,6.399,63.99,,
visit,Uplift,0.2,3.8091,38.09,,
conversion,Random,0.05,0.1168,1.17,,
conversion,Random,0.1,0.1168,1.17,,
conversion,Random,0.2,0.119,1.19,,
conversion,Response,0.05,1.4968,14.97,,
conversion,Response,0.1,0.8957,8.96,,
conversion,Response,0.2,0.5248,5.25,,
conversion,Uplift,0.05,1.0998,11.0,,
conversion,Uplift,0.1,0.8739,8.74,,
conversion,Uplift,0.2,0.5257,5.26,,
visit_rates,Response,0.05,,,0.52295,0.47006
visit_rates,Response,0.1,,,0.37428,0.32805
visit_rates,Response,0.2,,,0.22303,0.18678
visit_rates,Uplift,0.05,,,0.37014,0.2795
visit_rates,Uplift,0.1,,,0.27427,0.21028
visit_rates,Uplift,0.2,,,0.19532,0.15723
